,VARIANT ID,PRODUCT ID,UI PRODUCT ID,VENDOR ID,BRAND NAME,VENDOR STYLE CODE,PRODUCT NAME,VENDOR COLOR,SIZE,CATEGORY,MRP,MINIMUM PRICE,DISCOUNT IN PERCENTAGE,QUANTITY,MRP MD5,MP MD5,DISCOUNT MD5,INVENTORY MD5
0,20967999,6493351,15680756,44609,iShiv,ISH_102K,,Purple,XL,kurtas,2625,,64.99,0,b33a5895f6b7d22e80e3d20f26950fb9,,568ff25fc26a2df0e6d4649eddce9daf,e5d7fdb7bc9f61c42c42ee6d5f70f2b4
1,20967998,6493351,15680756,44609,iShiv,ISH_102K,,Purple,L,kurtas,2625,,64.99,0,90729d2cb58d8ca336731bcc0e83b2f5,,e212a041a3d083635205e670ac5d28ef,457b845b10515258ba9f8ab26558e792
2,20967997,6493351,15680756,44609,iShiv,ISH_102K,,Purple,M,kurtas,2625,,64.99,0,50dfa741c5fd564ee7d332dbdda8eaff,,574568d30f04c2c4cb4ffa9622074ccd,e3b7c43f085283118d9ea39098e56aa8
3,20967996,6493351,15680756,44609,iShiv,ISH_102K,,Purple,S,kurtas,2625,,64.99,0,5e43c0c29020864244e685371dc7e97d,,5671862f707a7d53f30112c63717b288,93fac16922e65019b6911facd8a41275
4,20967995,6493350,15680754,44609,iShiv,ISH_101K,,Black,2XL,kurtas,2499,,65.99,8,54e94ee90be2099c886ac7ffa287b102,,67116fce8c3758ab922662de4ced225b,9133bf055e8f6b6db5902db7d63cd4f7
5,20967994,6493350,15680754,44609,iShiv,ISH_101K,,Black,XL,kurtas,2499,,65.99,8,34e10662e5454a082bdf4f57b2263e02,,60bd33ec0cba58e3f81ada64774632e0,dd461303fa993869124c3f0bac655a76
6,20967993,6493350,15680754,44609,iShiv,ISH_101K,,Black,L,kurtas,2499,,65.99,11,ea4f3c01b4299e1b131dbc654601d766,,f695b174cc041c1ffedd72709b4a4c3c,f3f5a0903de494a8377c6f39d266bf2a
7,20967992,6493350,15680754,44609,iShiv,ISH_101K,,Black,M,kurtas,2499,,65.99,4,0264a9ef695c35869f1f06a16d424534,,aaadf391786b0d0a4727f68bb715a79a,eb9e80458f68a5e7957b4b64ed49dd8e
8,20967990,6493350,15680754,44609,iShiv,ISH_101K,,Black,S,kurtas,2499,,65.99,4,4d07cd77faa258c4ad9c5e7591c42ddc,,ea31bf382455b87ba1fa50669c622569,fa9059a939f952b50d7e9b229e7966fe
9,21624681,6705095,15906802,44609,iShiv,ISH_124K,,Brown,XL,Ethnic Dresses,2299,,64.98,10,f5366ae69fc9b8e218494c1243eaeb80,,20c4eba53f735f6d4777cbf9a4983d91,325aa89a1e29638691710b7153179439
10,21624680,6705095,15906802,44609,iShiv,ISH_124K,,Brown,L,Ethnic Dresses,2299,,64.98,11,3bc2dc821bec7622f11796ace4737e81,,836138fcd6aa7a27e8f26bab32b39e2f,0aa4bce3d73a7ebd7ceedd0435db1636
11,21624683,6705096,15906803,44609,iShiv,ISH_125K,,Green,S,kurtas,2299,,63.03,1,c98d2abab60b0ec715e8cd3b3523cb07,,b762678b301c4236f67b9a040939e413,fef5413628a60a9607a03e301c1e48fc
12,21624682,6705095,15906802,44609,iShiv,ISH_124K,,Brown,2XL,Ethnic Dresses,2299,,64.98,10,aa16c4883d3510503434f7b658144f12,,e2bc668d7d2d336b53e9cfd9a08ddc0c,b628cf298798a115c0698e88f4070f12
13,21624685,6705096,15906803,44609,iShiv,ISH_125K,,Green,L,kurtas,2299,,63.03,2,5908fb95c3289ad2b12cdaa97666a09b,,ee063ca2866c39c1f65265b3d2299232,0ff175b1b449ddae7579a00f4b443308
14,21624684,6705096,15906803,44609,iShiv,ISH_125K,,Green,M,kurtas,2299,,63.03,2,6b4648c29df33a81f549aa50db84156c,,968ff1c0c1ed7bba452709a65e8e4d6c,200e36f67ed83258131ec6bb8a355e47
15,21624687,6705096,15906803,44609,iShiv,ISH_125K,,Green,2XL,kurtas,2299,,63.03,1,8ae02d7d960b881f03518a99702170fe,,2ac8883c8b21de3c39e2f7d5b7059f26,a9a4c8e0488a1cc37901f8ca0d53fea5
16,21624686,6705096,15906803,44609,iShiv,ISH_125K,,Green,XL,kurtas,2299,,63.03,1,8954e696f9b78b0c483272bcc708162d,,ec78b0e662e0f78cc55d7c4a932bfcc9,124fc3db342cc8041c237f843e28317f
17,21624679,6705095,15906802,44609,iShiv,ISH_124K,,Brown,M,Ethnic Dresses,2299,,64.98,8,2eb794e6af111eefcc0d2b5dc0f8e0d1,,503164be18bc155deaf9d1241a08bd0f,42063238207401fff178acabcaaf39c4
18,21624678,6705095,15906802,44609,iShiv,ISH_124K,,Brown,S,Ethnic Dresses,2299,,64.98,7,26c8ba2526f7d877e5fdc1b9555942e8,,8b7e822dde27db3803ca17d78bc7989c,5045d7bd4b1803f91d2c20c60adf432e
19,23328860,7274487,16508611,44609,Ishiv,ISH_127K,,Black,2XL,kurtis,1299,,61.59,20,fef2fe4aae6ba4d5317f9fd2cc6bc5dc,,88e821dce5fa7e8c67526a82238a44d2,679789a76c8c3de73bb9a925ea99f59d
20,20968063,6493364,15680769,44609,iShiv,ISH_115K,,Multi,L,kurtas,1505,,63.19,6,fe69b29b0b513236d20fa208e8bb0bab,,5389450ffed08ddda3a7ae0315d58d5e,3e99e2afad80000bb61dfbeb7296f1cc
21,20968062,6493364,15680769,44609,iShiv,ISH_115K,,Multi,M,kurtas,1505,,63.19,0,b83f2711699867b48a28154d233d93cd,,838e8fdee50f6d8e34aeda423481a3be,1fc0a7c9536fd06473cb7ee74c2975e5
22,20968061,6493364,15680769,44609,iShiv,ISH_115K,,Multi,S,kurtas,1505,,63.19,4,2dad3abda23e4e1aafed0676ddd6efad,,e79f3c990db9beab4a2e42564d5b3c8b,bf067c87cc317dabc4462ab98e4fb83d
23,20968060,6493363,15680768,44609,iShiv,ISH_114K,,Pink,2XL,kurtas,1699,,63.04,10,b1865843bee89d09dce295da58216e93,,8fb85bb56dd5c79399cb2c42ee58da48,81574a2f86fb57afc0360ac476e9b68b
24,20968059,6493363,15680768,44609,iShiv,ISH_114K,,Pink,XL,kurtas,1699,,63.04,10,8c174306e4a5cfdd4caa6410ba3393f9,,21e9139eaf5789299902b12817ecab8a,401f606a7e851e1fca958c7eef8e4491
25,20968058,6493363,15680768,44609,iShiv,ISH_114K,,Pink,L,kurtas,1699,,63.04,10,af66823f19fdcbf2315e9d7ee3f1b354,,be41003d63a8902a0e08e227c8c70d06,98c616b3bc1e850e8edaff82d5f1c6d3
26,20968057,6493363,15680768,44609,iShiv,ISH_114K,,Pink,M,kurtas,1699,,63.04,4,8b469a9c034973e4664f41ae06865551,,d05133b811daa33010671bc132a8781c,79cfa6bd3f39e24af70fceb1eab97fde
27,20968056,6493363,15680768,44609,iShiv,ISH_114K,,Pink,S,kurtas,1699,,63.04,2,100bdf44fb471e6f0a2a6de3b80ed819,,7e1716ec94c9fc8a95723ea6a6797912,b8fb9582b33b27d215a619a14c957eeb
28,20968055,6493362,15680767,44609,iShiv,ISH_113K,,Black,2XL,Ethnic Dresses,2499,,59.98,10,5d264ac4e8fe498ccf7176b8e242e98b,,5784e08d41d014cce19616d2119e1149,8d2761fda936ae22fb9ed76c6b42b209
29,20968054,6493362,15680767,44609,iShiv,ISH_113K,,Black,XL,Ethnic Dresses,2499,,59.98,12,db9dc78c0d1fac65048319de75bc14a2,,8fe03599f0aae4d50ba1f45d07bb4ea3,c204b24665ca61e3f136c5c26df39351
30,20968053,6493362,15680767,44609,iShiv,ISH_113K,,Black,L,Ethnic Dresses,2499,,59.98,10,90f57045d001f69f8fb75153ba4055d7,,9bf6ff37b5f18628d47101ad4f8c88a7,8e21ac9108ae1e8320d07c0c19901cb3
31,20968052,6493362,15680767,44609,iShiv,ISH_113K,,Black,M,Ethnic Dresses,2499,,59.98,5,b2ded8c61716fc59361c67b5dc66e0b3,,639e6ad81c13222aa41c4f01ec5d38b3,deaa0f589700cf3d7f8f8b332830b42b
32,20968051,6493362,15680767,44609,iShiv,ISH_113K,,Black,S,Ethnic Dresses,2499,,59.98,7,9b14d847bb4aea1053d512a17b3b7cd0,,c0e3cc93322e1bd13f0f082a2cacd0e6,c253623fb9c1a422ff339511b07e939f
33,20968050,6493361,15680766,44609,iShiv,ISH_112K,,Blue,2XL,kurtas,2449,,65.99,9,025ce7043a1ea4c3744435ab8ef40a77,,2cbfe24caff8b005cc0e08800d1bf0ef,387d633f678fda0c2ba518e1028a612f
34,20968049,6493361,15680766,44609,iShiv,ISH_112K,,Blue,XL,kurtas,2449,,65.99,13,f07cb06c41bf093866a7f2381e335891,,1c1e099795e5040cdbbcbbde5dc2215f,5f96aeb841dcd4998ea94eb47f98418e
35,20968048,6493361,15680766,44609,iShiv,ISH_112K,,Blue,L,kurtas,2449,,65.99,10,af57e9e6c9e32cca472d7e2141e3f936,,424eba352a3f01423db78da75742a1fd,3eca00105f657216638aee8d785c03fd
36,20968047,6493361,15680766,44609,iShiv,ISH_112K,,Blue,M,kurtas,2449,,65.99,8,9c4a3e8371c15d190ad59e43429310c8,,57a7f76109a6a414e7acf3d720edf7c7,bb3db52eb211b5af10d096ffd2951082
37,20968046,6493361,15680766,44609,iShiv,ISH_112K,,Blue,S,kurtas,2449,,65.99,7,41da20b612119fee099be94189a1488d,,4773c77a2cc5ae3ebdb0569f44ac2b6f,2535f0c1808911370e21fb357ebe8457
38,20968045,6493360,15680765,44609,iShiv,ISH_111K,,Yellow,2XL,kurtas,2499,,66.99,1,c4a59bd614ede28092930ae0bb850d5d,,4554a97d87367b0b4dd00a1d5ccadeba,d0161b2da1260cdc8c720aab9589c2cc
39,20968044,6493360,15680765,44609,iShiv,ISH_111K,,Yellow,XL,kurtas,2499,,66.99,8,dde76b5032626ba161f1c1c5f084e965,,6326b9f971773d97af8b4795bbe293f7,bf7f107b9e71c60578fd20682cc3b5a0
40,20968043,6493360,15680765,44609,iShiv,ISH_111K,,Yellow,L,kurtas,2499,,66.99,7,1433bc7f20c750a0824692bfa1b6f4b1,,03a3818f06c324a810b674032d146a75,9a3889bf7e43773d6a83951773aa7ce1
41,20968042,6493360,15680765,44609,iShiv,ISH_111K,,Yellow,M,kurtas,2499,,66.99,0,5a332ba8e231a03a2d6b0880cf2c4019,,b5eee6367234e6c81be03a65e342ed5f,323842afa7a97950048a1a57bc4ef341
42,20968041,6493360,15680765,44609,iShiv,ISH_111K,,Yellow,S,kurtas,2499,,66.99,0,cb606a979b127821012ab5072275e8d0,,6bff07150ef0048db31e8be823f0585b,ce81e5136753390b61b9b7f0facf09cd
43,20968040,6493359,15680764,44609,iShiv,ISH_110K,,Red,2XL,kurtas,2499,,65.99,10,cedc5c3f1ea10bf0e19bec311a315f05,,4bd9ba8aab67e9eeb5c254615710aabb,c5bc022cf4df155464193170b0f15deb
44,20968039,6493359,15680764,44609,iShiv,ISH_110K,,Red,XL,kurtas,2499,,65.99,9,084eae480bc01a3ec6a8f8a8162fc198,,7bcc32f4975a950a5317cb2ce7acb32a,db1be9b31842401d706193d3f1148bcd
45,20968038,6493359,15680764,44609,iShiv,ISH_110K,,Red,L,kurtas,2499,,65.99,9,61918b41e0122429bb6c0c7570d152dd,,5c87acd1460503a42e953dc95797e399,088024b674fc97f2750a0e61926d3aba
46,20968037,6493359,15680764,44609,iShiv,ISH_110K,,Red,M,kurtas,2499,,65.99,4,0eef4f4c6e567c0c6de478ea26d347cd,,95a0574b00e9a4a74258e83ca09f9fe7,cd3c0184012e997034abd81756a7e384
47,20968036,6493359,15680764,44609,iShiv,ISH_110K,,Red,S,kurtas,2499,,65.99,5,f30ad7c444932edf08ed415cf08010ff,,397af1239eac6d7fa1767e605cc0a8c1,3f25fc5b6d667cae39da93d225c93f64
48,20968035,6493358,15680763,44609,iShiv,ISH_109K,,Purple,2XL,kurtas,1499,,61.97,0,23b6688b72ec770420db7b65cf0cdc6e,,88250bd6cd001e80597fdf577c84213f,4117984b8350546d1d156f795d4de7b9
49,20968034,6493358,15680763,44609,iShiv,ISH_109K,,Purple,XL,kurtas,1499,,61.97,0,26ceb808c4d6cc690436c049d15ead5d,,e016fcbc1daf032ba7217d2eb17325be,50adc8c61cf8ab24d40344ca32647bbb
50,20968033,6493358,15680763,44609,iShiv,ISH_109K,,Purple,L,kurtas,1499,,61.97,0,0a55a4a1d227a5d430d68e3a6e7df750,,7155f6e871db25eadcf05fea145987a7,8e42b92ced983efba0d986fa488e689f
51,20968032,6493358,15680763,44609,iShiv,ISH_109K,,Purple,M,kurtas,1499,,61.97,0,92eeb759e2e12a441d24e4fee2de599f,,bbd4cf4e2bd495fddb5a168397eb6151,15d306cdd658dbd2903efb4da7d272be
52,20968031,6493358,15680763,44609,iShiv,ISH_109K,,Purple,S,kurtas,1499,,61.97,0,a34c2058f8b36afacae3f056f5237305,,68aba323b1b6f53ee76fed40b0ed4d39,7a9924bd9c850ca9e7af966e8b01fbd0
53,21611305,6700435,15901842,44609,iShiv,ISH_122K,,Pink,L,kurtas,1719,,63.0,10,d2dd711ca8bfad25e7c96eb8cde5c1e7,,c85826eb651765e828f746c03f12e37f,916098039b7f23d8708785214eb48a15
54,20968030,6493357,15680762,44609,iShiv,ISH_108K,,Pink,2XL,kurtas,2499,,65.99,9,ab91fd4dd641e8b2350f73c380fdabcd,,73ba34a44d92974a667806286cb40438,1ece51cbb2824e794a25d0081932c121
55,21611304,6700435,15901842,44609,iShiv,ISH_122K,,Pink,M,kurtas,1719,,63.0,5,4142ba60112b722fa25c09ebfca1b58d,,127ac01145fecb22549f2a85fa7ceeeb,f14d4bf9a2429e966b442296ec65b575
56,20968029,6493357,15680762,44609,iShiv,ISH_108K,,Pink,XL,kurtas,2499,,65.99,7,b32df84c9317cca8abdea8a30a50c36d,,50df7ebdee8edfe91c669896b7ee8d8b,a07a2362f1cfa23125eb43c535db1c96
57,21611307,6700435,15901842,44609,iShiv,ISH_122K,,Pink,2XL,kurtas,1719,,63.0,9,cac96d1bfad0b57e6f4426cc445d6ab4,,cb856a54c5467d27412a8a8348d75c7e,96a899b43040b926cfd1ab7020735015
58,20968028,6493357,15680762,44609,iShiv,ISH_108K,,Pink,L,kurtas,2499,,65.99,10,877a83967b8ef00b2cdb0bfcd6da992f,,f4d1ba685903ed6964824bd2890aad95,7a9871298f25b59479d88639488b92f4
59,21611306,6700435,15901842,44609,iShiv,ISH_122K,,Pink,XL,kurtas,1719,,63.0,7,94797cf4e13d708717682f530242bcc8,,51775587a8a66b870eafacacc3f1048e,debfe45fa2992f31df313b28f22d5a2e
60,20968027,6493357,15680762,44609,iShiv,ISH_108K,,Pink,M,kurtas,2499,,65.99,5,ef6ce1dda1545ce4a909974e346f0235,,2b4f58ffe8eab5de69ccb3dd117447f3,c5c3697cbb667c9fddee6de85e1e4d23
61,21611309,6700436,15901843,44609,iShiv,ISH_123K,,Blue,M,kurtas,1719,,63.0,1,e73ec0345856581ae49500647b5ebe0a,,dc1405650351649b553aeda4ad0fd0de,1c747ed8050beab4d3a2dd85880d6dd3
62,20968026,6493357,15680762,44609,iShiv,ISH_108K,,Pink,S,kurtas,2499,,65.99,4,de4b80d8b19c34101932e45a17ea18f5,,ba4f1518a7f528d4c501b9f38e3640a7,fcda9bf185e7c1c19c863821c46f5f65
63,21611308,6700436,15901843,44609,iShiv,ISH_123K,,Blue,S,kurtas,1719,,63.0,5,ac7b8b98567429ccbb52500e33963cf2,,12029f66f7f7f6d8bcd0a257012a6e43,d840439c4b8e72c03f68edec06de44b0
64,20968025,6493356,15680761,44609,iShiv,ISH_107K,,Green,2XL,kurtas,2175,,63.03,12,7b2e993ecdae2b172e52c7bcdabf3fd1,,16189e907a1477fd24b42c57ea971e4e,95b0e27c02e1e7d46fe228f8fd48e794
65,21611311,6700436,15901843,44609,iShiv,ISH_123K,,Blue,XL,kurtas,1719,,63.0,5,652355b5a4b905a1b782f9b7d443794a,,a360bf716e6355fae633d6b65bf1771b,a31a2f146652b88a7d67bc339fabca27
66,20968024,6493356,15680761,44609,iShiv,ISH_107K,,Green,XL,kurtas,2175,,63.03,12,0dc79e75ab5fafd94dd422c3ec79d455,,f6a4e3a7dd88f4c9febf15cec26cbfdc,578013c45fc25cf9cc3ebf509ee1b13a
67,21611310,6700436,15901843,44609,iShiv,ISH_123K,,Blue,L,kurtas,1719,,63.0,7,35fa7aa9dc1b540283959ef6d09e2aaf,,dd085f2ad1022bb26bd739517ddf1709,0259ea4e204af16667dd59a669cc5464
68,20968023,6493356,15680761,44609,iShiv,ISH_107K,,Green,L,kurtas,2175,,63.03,11,ca9f20f57f80b762888d031db5be346a,,801e34a6ccafae9d209ce0ba3692db3f,ed58e8c71ead235296133629768ba23b
69,20968022,6493356,15680761,44609,iShiv,ISH_107K,,Green,M,kurtas,2175,,63.03,7,64ddc960628a496d3f1fa06ccbedb142,,b6aa4009f1e4bfeaff10658c7e855ac5,733b4c043a659312e34e85c36e99457d
70,20968021,6493356,15680761,44609,iShiv,ISH_107K,,Green,S,kurtas,2175,,63.03,7,11e9b4c53eb8660681195fa36d0fee20,,0f43b3a6e70bb559bebb93c7a501896d,d4b4025b1e519eefa8c1df1b7859c603
71,20968020,6493355,15680760,44609,iShiv,ISH_106K,,Yellow,2XL,kurtas,1799,,63.04,10,6b8783638aaa495e78bac5703c487b4c,,6448b203e10e5e5fb57eb80174bf3954,8cf3452d43b5331e5b277e4b47933c30
72,20968019,6493355,15680760,44609,iShiv,ISH_106K,,Yellow,XL,kurtas,1799,,63.04,9,0476ffb70a5f7ed5b71fbebe3491eba5,,b522bdd495eb2e029f582898fac6fb86,53d764bd618dd9fe6528add1b9002d81
73,20968018,6493355,15680760,44609,iShiv,ISH_106K,,Yellow,L,kurtas,1799,,63.04,9,bfb4e12633b9f21c3531bd7af5dbcffa,,f3aa9a075f4e22a3f6367088c65572f8,59a596d34f69d76c9f665e27e3a4f4b4
74,20968017,6493355,15680760,44609,iShiv,ISH_106K,,Yellow,M,kurtas,1799,,63.04,5,fad78fa427551c2193ec9f438556bba3,,01f8186eaa6ec108a142a716658f2ee6,6529c133c9a169c3c63398faf16da03f
75,21611303,6700435,15901842,44609,iShiv,ISH_122K,,Pink,S,kurtas,1719,,63.0,4,eb330673398e0c5cb9c127764e50e6f4,,35e691af17d40d3997e140ab235cacdc,9611f0403791cffa8329de6ad4fb77ce
76,20968016,6493355,15680760,44609,iShiv,ISH_106K,,Yellow,S,kurtas,1799,,63.04,4,6cee5d849ed38b71a8f1ab5dee401065,,74337171128266858c1b9fe6e5f7d2f2,2b36076df8c417cf5755e7c81181272d
77,20968015,6493354,15680759,44609,iShiv,ISH_105K,,Blue,2XL,kurtas,1649,,63.07,3,380367b7b0d34b8964ed7b2019c0b279,,0f12670e00a59e6e6322157b0e43815d,978480010863ce9b90c65eaf3afe05f8
78,20968014,6493354,15680759,44609,iShiv,ISH_105K,,Blue,XL,kurtas,1649,,63.07,3,71df421c229c84e9af984421b771620a,,8326e85f46ef3989585a4afd5895dc66,0eb93fd321f3429193cdb14116bedb2b
79,20968013,6493354,15680759,44609,iShiv,ISH_105K,,Blue,L,kurtas,1649,,63.07,3,240c41f35f351c0b6fb52827cea1bfd8,,cadf8f5431c33ec8b214aed3fded02b3,2089715ad79b1438844158e25093bf17
80,20968012,6493354,15680759,44609,iShiv,ISH_105K,,Blue,M,kurtas,1649,,63.07,0,2a28caf8bbde66108dba80b5ebc062c2,,58f2be678dddd0ea44fc014c9f168659,e673bbbb004978e564574623107b2932
81,20968011,6493354,15680759,44609,iShiv,ISH_105K,,Blue,S,kurtas,1649,,63.07,4,6f5ff6540f5ab0ae37e49be4c062c280,,9452d71aa380db85ab48ba4178a90195,b355cac0a9893f71ce0a931819a88a03
82,20968010,6493353,15680758,44609,iShiv,ISH_104K,,Yellow,2XL,kurtas,1599,,63.04,3,ed02121d7f7a79f472ff0b92588c0e12,,e8f7dab6b46e7e01e7aa79e8b32e9950,c0614970a03df09a1de3ab47e6dbe86e
83,20968009,6493353,15680758,44609,iShiv,ISH_104K,,Yellow,XL,kurtas,1599,,63.04,4,ab9cda70e5ddc4085063e0f5d8136de0,,1d8447f53b3bd5acff7154b3db5e6e5d,333f240178c43618242cad8a01844d46
84,20968008,6493353,15680758,44609,iShiv,ISH_104K,,Yellow,L,kurtas,1599,,63.04,9,96e51d99232e534366d4627e54f869ec,,e3a9db2c8d2d3eb658c0873268a0d252,d7a6c03f3532c9339658b430a2e93ccc
85,20968007,6493353,15680758,44609,iShiv,ISH_104K,,Yellow,M,kurtas,1599,,63.04,8,8cefb12379c1d9741e11c5935dba6d9e,,9e2f9e10d2bd6cc4643900b22900e42a,1c7c5e6f70bfbfea4a4419f90b954268
86,20968006,6493353,15680758,44609,iShiv,ISH_104K,,Yellow,S,kurtas,1599,,63.04,3,53afe4ac4ea1960bf50b9a24167b56e0,,9df65254233f56611552cdd706a826e2,c6b173c7b05249d8f355093cb1cc688a
87,21611312,6700436,15901843,44609,iShiv,ISH_123K,,Blue,2XL,kurtas,1719,,63.0,5,9bac2dc30b2645b6365c15879dff40db,,4ef12cdc6f34ddc50cbc9fb0afe32f1c,d756707e718a551a5a792dcd63c30c5d
88,20968005,6493352,15680757,44609,iShiv,ISH_103K,,Purple,2XL,kurtas,1725,,62.03,0,2c63d91e402a5180fcc89bbb6b9d403b,,3f882761ec9192308999c883a92ed845,39a8b7985428d9b17c4597f96e704dad
89,20968004,6493352,15680757,44609,iShiv,ISH_103K,,Purple,XL,kurtas,1725,,62.03,0,573851a4dc0bb8ca71c711b09abea84a,,f71c309e33b063cde9e345bbb911038d,d903743faea63afa2ec007a4073e4cec
90,20968003,6493352,15680757,44609,iShiv,ISH_103K,,Purple,L,kurtas,1725,,62.03,0,744552691d4b429d866b399d3f36ff36,,4a0d2ba2049fb758fa7417bfd938f0ce,79feeb19747875fcb9e957895d76626a
91,20968002,6493352,15680757,44609,iShiv,ISH_103K,,Purple,M,kurtas,1725,,62.03,0,1ff0d467ce9e4ab75bb00074b21e6aa1,,52f6a2d956f67df7e0f6bc6b9759d8fb,1cb1000adcd6e0c711a52395fe06e840
92,20968001,6493352,15680757,44609,iShiv,ISH_103K,,Purple,S,kurtas,1725,,62.03,0,35de4ea8a892ef3a26645cf4a6d2f1d8,,008d75106c33559d6f0a4bfe964eb7c8,22dd7dcf9160396df63b52c74a3a4021
93,20968000,6493351,15680756,44609,iShiv,ISH_102K,,Purple,2XL,kurtas,2625,,64.99,0,ed9ac61c65187224e245b49d8cf5dd3a,,870ce8736e8137bf860e521c9e8cf69d,f1b98b29c44259bba81d363f1908e38f
94,20968095,6493370,15680775,44609,iShiv,ISH_121K,,Indigo,2XL,kurtas,2499,,60.02,0,c77c832c0ee05e06dfbbe61d3d483fbc,,b02ba11f763ddc928345fc36aeafb1b2,3265733b843f01954d41a6e08f9ad98a
95,20968094,6493370,15680775,44609,iShiv,ISH_121K,,Indigo,XL,kurtas,2499,,60.02,0,22c3dca7bee0af59631111a73c5b5892,,43b886cc802c5d597134672fb1b59f11,4261681d0c665d482a379cd92497817d
96,20968093,6493370,15680775,44609,iShiv,ISH_121K,,Indigo,L,kurtas,2499,,60.02,0,4c48fdc2190a8924d527d165eabacd59,,c045e86498e7b5be0678aebded589c3d,c9f48d3d3b5194410d946a4de354297f
97,20968092,6493370,15680775,44609,iShiv,ISH_121K,,Indigo,M,kurtas,2499,,60.02,0,3ae62f0deb6ec5ba97f686ba36dde1b1,,5b56178116696786933d8bf04236b187,b56ecf76ce52e48dcd5582b42e25c34a
98,23279808,7257834,16491057,44609,Ishiv,ISH_130K,,Multi,2XL,kurtas,1125,,60.09,20,b0df605b7dc05c9e2d52bfccbee07553,,608d0c23bbb4764a28c0f877223f481f,713daa9f663b84dde54f01ebb6ab5577
99,20968091,6493370,15680775,44609,iShiv,ISH_121K,,Indigo,S,kurtas,2499,,60.02,0,a0f4e6c042ef87a364e1e4d6c71a9650,,7789e4adf9cb9305d1502c933a06e2f5,c63539cd76c088f120302177fbcf4c82
100,20968090,6493369,15680774,44609,iShiv,ISH_120K,,Multi,2XL,kurtas,1825,,64.99,1,6a2d06eb74d0e3ba3987e7587f26d4ca,,5e8305c324efda80feed8db7b6317cb7,32044a0e79002ff51c6100f370a417f3
101,20968089,6493369,15680774,44609,iShiv,ISH_120K,,Multi,XL,kurtas,1825,,64.99,7,caba4bf023a5bdbe50277395dd14a58b,,4b53d6acdf081789cea259bb0851bc32,13a0ade6f094a36fb5f84d895b019cf8
102,20968088,6493369,15680774,44609,iShiv,ISH_120K,,Multi,L,kurtas,1825,,64.99,7,3b677e88120dabf0355abe8a3bf117e0,,f30ceeff39c33b0341157b400e40cdd3,ce1ba298dbbdf7031ae6b6ed04050879
103,20968087,6493369,15680774,44609,iShiv,ISH_120K,,Multi,M,kurtas,1825,,64.99,2,f1e2d396787e9288169225c153f439c7,,6821747837a0be81ce5d321d396661a6,1b76ad7382bb916ff6553a5489dec337
104,20968086,6493369,15680774,44609,iShiv,ISH_120K,,Multi,S,kurtas,1825,,64.99,7,2c5bc0dbed46c5764e5db0a82b058d68,,b3b14a05bda9e2b29aa5963487c842c5,804371cba460fbb0a64401f16fab069c
105,20968085,6493368,15680773,44609,iShiv,ISH_119K,,Green,2XL,kurtas,1749,,63.01,6,41fe0acc6a2c183d56c8eef19aff5c97,,354047b234b8116f2ab58b118003645c,31ba5ab4c676447196a2a7576ccd6e24
106,20968084,6493368,15680773,44609,iShiv,ISH_119K,,Green,XL,kurtas,1749,,63.01,8,af3dae0da5d6996b9bf621629dfec7af,,58bc6c65ea3e15a8a71b79b37f448748,0d3cd169bcb8e654cbebcba08881f234
107,20968083,6493368,15680773,44609,iShiv,ISH_119K,,Green,L,kurtas,1749,,63.01,2,a284460dec53bf62113188e5fac9bc2e,,3f2c483372bdf77f47d9d74f90c49e5d,695b0b36b2daec03f9da7fbab7df5836
108,20968082,6493368,15680773,44609,iShiv,ISH_119K,,Green,M,kurtas,1749,,63.01,1,4d76233daf70a220376b401683410e47,,a6b544b3b970f7b419707deb82a23637,8cc9c465ca8f11e3f1538ce327e34dc7
109,20968081,6493368,15680773,44609,iShiv,ISH_119K,,Green,S,kurtas,1749,,63.01,1,209af7664fa369bca8037da14b06afdf,,767771ffc4cc4091158d05bab1c32d2b,aad02d139c5f569da5114e527900fa96
110,20968080,6493367,15680772,44609,iShiv,ISH_118K,,Red,2XL,kurtas,1719,,63.0,9,79ea7a51d45fb8e99b8095137242e479,,c7c048efde4d672d053dc9c5f5ddfc40,0e4d04b677a452eb6c3f7cd27091134d
111,20968079,6493367,15680772,44609,iShiv,ISH_118K,,Red,XL,kurtas,1719,,63.0,10,cb06b75290265d77098580df0efbb92f,,38a96810be49d9a0173d70c9f378a19b,fccae335ca7dde0396d9182666c6292d
112,20968078,6493367,15680772,44609,iShiv,ISH_118K,,Red,L,kurtas,1719,,63.0,10,c82cc0ceb6c9085a20f48ea8275e2164,,f427fe7741434a53cdf7fd57165fb6bd,1cd70666fcf3c0c7ac15ab8aad5077f9
113,20968077,6493367,15680772,44609,iShiv,ISH_118K,,Red,M,kurtas,1719,,63.0,5,c0fb7ca4aa950c1be92049b0ac126813,,1833878672deabed880042cc0efedbbe,cc6120c51e39974d3f59f44ea5a37101
114,20968076,6493367,15680772,44609,iShiv,ISH_118K,,Red,S,kurtas,1719,,63.0,5,a64d8c3ad815eeeb29b7fdc641561fb7,,ad42bae7535d44a0d3db655237778bed,c9a0e6667763f620e97f0298970747a8
115,20968075,6493366,15680771,44609,iShiv,ISH_117K,,Blue,2XL,kurtas,2499,,65.99,10,58f5618f18eec07b51cadddca05b6035,,29c87928d2526c9f76798dedf963b8ed,1dfd957babeeb4d4c3de9ab1598ac064
116,20968074,6493366,15680771,44609,iShiv,ISH_117K,,Blue,XL,kurtas,2499,,65.99,9,54dfef3ceaf1bb529c46e674679ce000,,5f5bc69080c7500b118983ff9ff1cd15,09f8d4dbbdc1dcb29c01614a2e8e2e55
117,20968073,6493366,15680771,44609,iShiv,ISH_117K,,Blue,L,kurtas,2499,,65.99,10,0e01c02a064271f94849aa62edf12841,,1410d7dd99ec982233bd48a3934e73b5,8c2c2d89af1b7414585dcc7e6b2070d5
118,20968072,6493366,15680771,44609,iShiv,ISH_117K,,Blue,M,kurtas,2499,,65.99,5,b1573a05fa4e5501fce036813074fc4e,,3b5f092d164be24294c2f0115ac501ed,27757c566223b3dae35a60b5c1b964f1
119,20968071,6493366,15680771,44609,iShiv,ISH_117K,,Blue,S,kurtas,2499,,65.99,1,8dc9bf6927839e3144099f0e07a777d1,,9fe44b5aa4aea535a70a9d98ccb4120c,7c6525de11b68b3ce89b3a72e20fa444
120,20968070,6493365,15680770,44609,iShiv,ISH_116K,,Black,2XL,kurtas,1499,,63.04,8,a0843b5459387c25bfe80ee53f873f09,,80137e6b814fbee81f7ec4abda76c3fe,6880bf33ee89911aeed6466cb40d38c0
121,20968069,6493365,15680770,44609,iShiv,ISH_116K,,Black,XL,kurtas,1499,,63.04,5,9d6aba911e56af5aecb13807f5bdf099,,e47e392f90dfde9d0ac2062cb915dfe2,0d0ad11c87560846aba62b8f35fa0796
122,20968068,6493365,15680770,44609,iShiv,ISH_116K,,Black,L,kurtas,1499,,63.04,5,fd3ff92284b5483b02c805d0e75ce92f,,9d59ce10bdd9bf0c159b0f3224a9f1aa,5cac68a597f956211cff2968c6f35365
123,20968067,6493365,15680770,44609,iShiv,ISH_116K,,Black,M,kurtas,1499,,63.04,0,7fd02b2d255644c13b237d58d8c1aa91,,3c2f739da5c7de9495ede84e84074fca,f586c646d29e012d79e5d11d206d5dfa
124,20968066,6493365,15680770,44609,iShiv,ISH_116K,,Black,S,kurtas,1499,,63.04,0,b18054b9146d861cffefda00e0fb7f6e,,8b7462ccda64ff9c5693cbad1886ae47,811d2535bd4da272514c4e7a605d3168
125,20968065,6493364,15680769,44609,iShiv,ISH_115K,,Multi,2XL,kurtas,1505,,63.19,0,54c2c51062e9a10e9525683bd3385f50,,4041f3ca7b0c4db23e8e508f4984271c,0328d145642fa6ac05d989e5d9a6a0cf
126,20968064,6493364,15680769,44609,iShiv,ISH_115K,,Multi,XL,kurtas,1505,,63.19,3,dbbdfae80f5792c296e2a8194bf9172e,,2ac897390e9ddc9688ea8c3a3db7c238,094d48dc55b875a07a84e744027e5641
127,23279787,7257830,16491053,44609,Ishiv,ISH_126K,,Maroon,XL,kurtas,1325,,60.08,20,c694976c643b18847a4d03d62f791e16,,e52521e262aed8ad8c0038fa835e0390,c79f8465277daa4fb1ee755f6182521c
128,23279786,7257830,16491053,44609,Ishiv,ISH_126K,,Maroon,L,kurtas,1325,,60.08,20,2a42f5d4e796ce96afa720c6cf1cf7d6,,f8f893ef93a10699315542c8393f55b1,40325bb33cf8df4c87887de047ccb6ee
129,23279785,7257830,16491053,44609,Ishiv,ISH_126K,,Maroon,M,kurtas,1325,,60.08,20,7bdddac1da4bee38c660d5331b874336,,6ee6fb3582a757cc22bc6cf39bff1a3b,947806ed297fba88c353147aada22c57
130,23279784,7257830,16491053,44609,Ishiv,ISH_126K,,Maroon,S,kurtas,1325,,60.08,20,2d06ce2163a9f480fda193b26aa9fdc3,,a82c0ec9dd63ddd131df73031e86964c,9a907a2faf55f269ba060052719f52ba
131,23279791,7257831,16491054,44609,Ishiv,ISH_127K,,Black,L,kurtas,1225,,60.08,20,6d04fa30f15230c493f6119a1317c619,,9c6abedb39b731c99d187afd6ffc3221,a03e73a94e5aed7793aaa130af14e3a4
132,23279790,7257831,16491054,44609,Ishiv,ISH_127K,,Black,M,kurtas,1225,,60.08,20,3968e8d927b96b866eb351b67abec5a0,,2718e4b0a5e56dae7f2510348f590ac9,dd2d875903e17c6d328a613b630ae486
133,23279789,7257831,16491054,44609,Ishiv,ISH_127K,,Black,S,kurtas,1225,,60.08,20,a95c1f765b4b097c5b4bb25e21d34e68,,515a34c4b1ac7a193ca9524b5a37bdeb,9306c48290cc4c76488506669b2a8494
134,23279788,7257830,16491053,44609,Ishiv,ISH_126K,,Maroon,2XL,kurtas,1325,,60.08,20,f9147a7cf287cbf0ea5ec81cafd44ddc,,b1bcd7f146b719638ce7736f40fbbaaa,8262600af24b8c7ed23893a33a3a1a07
135,23279795,7257832,16491055,44609,Ishiv,ISH_128K,,Navy,M,kurtas,1025,,60.1,20,1e001f0204e8468bb06f327f71ecc293,,b9e19b9d8c68c8a4e51b21f035d5faeb,3bbbf923fe848d3678d0d590f643bd69
136,23279794,7257832,16491055,44609,Ishiv,ISH_128K,,Navy,S,kurtas,1025,,60.1,20,b2d6e56251177ebf4ad2a1bf29bce332,,a77ef1faceeae41433cf6d38b7cb7aa3,f720ad3dc3a60802ff532fa9e98576e1
137,23279793,7257831,16491054,44609,Ishiv,ISH_127K,,Black,2XL,kurtas,1225,,60.08,20,9ae2f60a11b26e93d3777f3fb8fef194,,745e024e252104babfcdce0d080695cd,0699d8ef5d60adbc0e20d8c6fe5762c3
138,23279792,7257831,16491054,44609,Ishiv,ISH_127K,,Black,XL,kurtas,1225,,60.08,20,8159689f467e944f1c77a34290e6c928,,3591f11831b760067fc89053ea8a05e8,10e6a22cb29e87945e1b80f3d33d0f9f
139,23279799,7257833,16491056,44609,Ishiv,ISH_129K,,Black,S,kurtas,1125,,60.09,20,222d5e1b8af372be5e740f18bc5b9b46,,082697976e49078a7a598e1a70a7d06e,924bfcae35b8fe94891177d8391ae748
140,23279798,7257832,16491055,44609,Ishiv,ISH_128K,,Navy,2XL,kurtas,1025,,60.1,20,85ba2d1842fefecf275a193117369c7a,,0bfedd9592a83612ac94f13b376db13e,0e1d7e3449d0ecfe4e90b09ce0581764
141,23279797,7257832,16491055,44609,Ishiv,ISH_128K,,Navy,XL,kurtas,1025,,60.1,20,1db0a2c1451a840976cc55bb5ec77771,,a2cddad606331c073a01556662ef5f02,6bcc2bada04f04410c2858a87f4d2b37
142,23279796,7257832,16491055,44609,Ishiv,ISH_128K,,Navy,L,kurtas,1025,,60.1,20,fd28e262ae85d50a1c225d23bf3bb54d,,f0e948ce4d68cd33c098c3a8a219ade3,6a4c3fe7955c08287c298c2cb161b3a6
143,23279803,7257833,16491056,44609,Ishiv,ISH_129K,,Black,2XL,kurtas,1125,,60.09,20,68b6c3c2be51da52011d322d197ecbc7,,c2ea27d48d11a31f62c54e5f879808b4,82caf665ceeade9ffbab6f0ab87f613f
144,23279802,7257833,16491056,44609,Ishiv,ISH_129K,,Black,XL,kurtas,1125,,60.09,20,a7b56ae215f9f1a1cbd25f1d36cd17da,,0e90391a9aa67f1ece6b5b315ec529f9,675f4f3dc2929e5e18d0aae307196244
145,23279801,7257833,16491056,44609,Ishiv,ISH_129K,,Black,L,kurtas,1125,,60.09,20,bc097009b4628a659f02ed2e268047ce,,757a7472865376b375c2868990b422bd,be04b1010e74be7f77397d5c709d8b53
146,23279800,7257833,16491056,44609,Ishiv,ISH_129K,,Black,M,kurtas,1125,,60.09,20,50e0c338fbb81563ae5b03deb5232b6d,,7bbc781cc6858e32407373ef7c04fe6d,8a5f06bdb6991a4766f93b37c2983d3c
147,23279807,7257834,16491057,44609,Ishiv,ISH_130K,,Multi,XL,kurtas,1125,,60.09,20,4b234374eaa43f262ff30ec1ddf8f5a5,,b162a4eb2e56238006ecd7e80315a45d,427b10469ab936b3cb7f45c0f07fcba1
148,23279806,7257834,16491057,44609,Ishiv,ISH_130K,,Multi,L,kurtas,1125,,60.09,20,67aeb093329608ebc1f7b8e09b64b61a,,4a588100196c79cffd0d5e55734e4413,fb6f45768129ed7c88f4351ae8bd058a
149,23279805,7257834,16491057,44609,Ishiv,ISH_130K,,Multi,M,kurtas,1125,,60.09,20,6247b9475a479eea9479ceda5c375ab1,,9dff96cd4ffcbbbf74e683a763fe7a3d,3b6799c12211a54cb125e661320fe39e
150,23279804,7257834,16491057,44609,Ishiv,ISH_130K,,Multi,S,kurtas,1125,,60.09,20,4b8479227a5fc912c822c4bd9901e6c7,,12154d1b357c9314193fa7630c2e2cd6,4f900b2587bbbb9057bcf3fea31030e5
